{
	"width" : 640,
	"height" : 480,
	"intrinsic_matrix" :
	[
		617.25,
		0,
		0,
		0,
		617.5486450195312,
		0,
		317.3921203613281,
		245.98019409179688,
		1
	]
}
